Angular Acceleration (rad/s^2),Torque (Nm)
0.97,0.0006944
2.06,0.001396
3.16,0.002097
4.24,0.002799
4.82,0.0035
6.42,0.004201
7.52,0.004903
8.7,0.005604
9.8,0.006306
10.62,0.007007