Ug (J),Kf (J)
0.1066,0.09686
0.1512,0.1414
0.07763,0.06962
0.0932,0.08647